{
    "ProjectEntity": [
        {
            "Id": 2,
            "Name": "22000CSSC",
            "StartDate ": "2023-07-02T11:26:37.0131277+05:30",
            "EndDate": "2023-07-18T11:26:37.0131277+05:30",
            "SubmissionDate": "2023-07-16T11:26:37.0131277+05:30",
            "IsActive": true
        },{
            "Id": 3,
            "Name": "23000CSSC",
            "StartDate ": "2023-07-10T11:26:37.0131277+05:30",
            "EndDate": "2023-07-23T11:26:37.0131277+05:30",
            "SubmissionDate": "2023-07-20T11:26:37.0131277+05:30",
            "IsActive": true
        }
    ],
    "HullEntity": [
        {
            "Id": 1,
            "Project_Id": 1,
            "Name": "H2C34"
        },{
            "Id": 2,
            "Project_Id": 2,
            "Name": "H2C35"
        },{
            "Id": 3,
            "Project_Id": 2,
            "Name": "H2C36"
        }
    ]
}